"","DECIMALS","VALUE","REF_DATE","releaseTime","SYMBOL","frequencyCode","SCALAR_ID","COORDINATE","VECTOR","val_norm","Date"
"1",2,686.14,"1997-01-01","2011-01-28T08:30",0,6,0,"1.3.2.1.1.3.0.0.0.0","v2133245",686.14,1997-01-01
"2",2,687.37,"1997-02-01","2011-01-28T08:30",0,6,0,"1.3.2.1.1.3.0.0.0.0","v2133245",687.37,1997-02-01
"3",2,689.15,"1997-03-01","2011-01-28T08:30",0,6,0,"1.3.2.1.1.3.0.0.0.0","v2133245",689.15,1997-03-01
"4",2,689.63,"1997-04-01","2011-01-28T08:30",0,6,0,"1.3.2.1.1.3.0.0.0.0","v2133245",689.63,1997-04-01
"5",2,689.4,"1997-05-01","2011-01-28T08:30",0,6,0,"1.3.2.1.1.3.0.0.0.0","v2133245",689.4,1997-05-01
"6",2,687.03,"1997-06-01","2011-01-28T08:30",0,6,0,"1.3.2.1.1.3.0.0.0.0","v2133245",687.03,1997-06-01
"7",2,689.19,"1997-07-01","2011-01-28T08:30",0,6,0,"1.3.2.1.1.3.0.0.0.0","v2133245",689.19,1997-07-01
"8",2,688.04,"1997-08-01","2011-01-28T08:30",0,6,0,"1.3.2.1.1.3.0.0.0.0","v2133245",688.04,1997-08-01
"9",2,690.78,"1997-09-01","2011-01-28T08:30",0,6,0,"1.3.2.1.1.3.0.0.0.0","v2133245",690.78,1997-09-01
"10",2,691.16,"1997-10-01","2011-01-28T08:30",0,6,0,"1.3.2.1.1.3.0.0.0.0","v2133245",691.16,1997-10-01
"11",2,694.51,"1997-11-01","2011-01-28T08:30",0,6,0,"1.3.2.1.1.3.0.0.0.0","v2133245",694.51,1997-11-01
"12",2,693.2,"1997-12-01","2011-01-28T08:30",0,6,0,"1.3.2.1.1.3.0.0.0.0","v2133245",693.2,1997-12-01
"13",2,694.99,"1998-01-01","2011-01-28T08:30",0,6,0,"1.3.2.1.1.3.0.0.0.0","v2133245",694.99,1998-01-01
"14",2,696.24,"1998-02-01","2011-01-28T08:30",0,6,0,"1.3.2.1.1.3.0.0.0.0","v2133245",696.24,1998-02-01
"15",2,695.56,"1998-03-01","2011-01-28T08:30",0,6,0,"1.3.2.1.1.3.0.0.0.0","v2133245",695.56,1998-03-01
"16",2,696.59,"1998-04-01","2011-01-28T08:30",0,6,0,"1.3.2.1.1.3.0.0.0.0","v2133245",696.59,1998-04-01
"17",2,696.72,"1998-05-01","2011-01-28T08:30",0,6,0,"1.3.2.1.1.3.0.0.0.0","v2133245",696.72,1998-05-01
"18",2,697.94,"1998-06-01","2011-01-28T08:30",0,6,0,"1.3.2.1.1.3.0.0.0.0","v2133245",697.94,1998-06-01
"19",2,693.56,"1998-07-01","2011-01-28T08:30",0,6,0,"1.3.2.1.1.3.0.0.0.0","v2133245",693.56,1998-07-01
"20",2,693.57,"1998-08-01","2011-01-28T08:30",0,6,0,"1.3.2.1.1.3.0.0.0.0","v2133245",693.57,1998-08-01
"21",2,696.68,"1998-09-01","2011-01-28T08:30",0,6,0,"1.3.2.1.1.3.0.0.0.0","v2133245",696.68,1998-09-01
"22",2,698.82,"1998-10-01","2011-01-28T08:30",0,6,0,"1.3.2.1.1.3.0.0.0.0","v2133245",698.82,1998-10-01
"23",2,701.51,"1998-11-01","2011-01-28T08:30",0,6,0,"1.3.2.1.1.3.0.0.0.0","v2133245",701.51,1998-11-01
"24",2,704.14,"1998-12-01","2011-01-28T08:30",0,6,0,"1.3.2.1.1.3.0.0.0.0","v2133245",704.14,1998-12-01
"25",2,706.08,"1999-01-01","2011-01-28T08:30",0,6,0,"1.3.2.1.1.3.0.0.0.0","v2133245",706.08,1999-01-01
"26",2,708.02,"1999-02-01","2011-01-28T08:30",0,6,0,"1.3.2.1.1.3.0.0.0.0","v2133245",708.02,1999-02-01
"27",2,709.73,"1999-03-01","2011-01-28T08:30",0,6,0,"1.3.2.1.1.3.0.0.0.0","v2133245",709.73,1999-03-01
"28",2,711.25,"1999-04-01","2011-01-28T08:30",0,6,0,"1.3.2.1.1.3.0.0.0.0","v2133245",711.25,1999-04-01
"29",2,712.12,"1999-05-01","2011-01-28T08:30",0,6,0,"1.3.2.1.1.3.0.0.0.0","v2133245",712.12,1999-05-01
"30",2,715.94,"1999-06-01","2011-01-28T08:30",0,6,0,"1.3.2.1.1.3.0.0.0.0","v2133245",715.94,1999-06-01
"31",2,715.34,"1999-07-01","2011-01-28T08:30",0,6,0,"1.3.2.1.1.3.0.0.0.0","v2133245",715.34,1999-07-01
"32",2,719.29,"1999-08-01","2011-01-28T08:30",0,6,0,"1.3.2.1.1.3.0.0.0.0","v2133245",719.29,1999-08-01
"33",2,720.36,"1999-09-01","2011-01-28T08:30",0,6,0,"1.3.2.1.1.3.0.0.0.0","v2133245",720.36,1999-09-01
"34",2,721.77,"1999-10-01","2011-01-28T08:30",0,6,0,"1.3.2.1.1.3.0.0.0.0","v2133245",721.77,1999-10-01
"35",2,723.57,"1999-11-01","2011-01-28T08:30",0,6,0,"1.3.2.1.1.3.0.0.0.0","v2133245",723.57,1999-11-01
"36",2,726.13,"1999-12-01","2011-01-28T08:30",0,6,0,"1.3.2.1.1.3.0.0.0.0","v2133245",726.13,1999-12-01
"37",2,730.49,"2000-01-01","2011-01-28T08:30",0,6,0,"1.3.2.1.1.3.0.0.0.0","v2133245",730.49,2000-01-01
"38",2,728.56,"2000-02-01","2011-01-28T08:30",0,6,0,"1.3.2.1.1.3.0.0.0.0","v2133245",728.56,2000-02-01
"39",2,728.72,"2000-03-01","2011-01-28T08:30",0,6,0,"1.3.2.1.1.3.0.0.0.0","v2133245",728.72,2000-03-01
"40",2,736.06,"2000-04-01","2011-01-28T08:30",0,6,0,"1.3.2.1.1.3.0.0.0.0","v2133245",736.06,2000-04-01
"41",2,735.16,"2000-05-01","2011-01-28T08:30",0,6,0,"1.3.2.1.1.3.0.0.0.0","v2133245",735.16,2000-05-01
"42",2,735.73,"2000-06-01","2011-01-28T08:30",0,6,0,"1.3.2.1.1.3.0.0.0.0","v2133245",735.73,2000-06-01
"43",2,738.67,"2000-07-01","2011-01-28T08:30",0,6,0,"1.3.2.1.1.3.0.0.0.0","v2133245",738.67,2000-07-01
"44",2,742.86,"2000-08-01","2011-01-28T08:30",0,6,0,"1.3.2.1.1.3.0.0.0.0","v2133245",742.86,2000-08-01
"45",2,748.25,"2000-09-01","2011-01-28T08:30",0,6,0,"1.3.2.1.1.3.0.0.0.0","v2133245",748.25,2000-09-01
"46",2,747.91,"2000-10-01","2011-01-28T08:30",0,6,0,"1.3.2.1.1.3.0.0.0.0","v2133245",747.91,2000-10-01
"47",2,748.42,"2000-11-01","2011-01-28T08:30",0,6,0,"1.3.2.1.1.3.0.0.0.0","v2133245",748.42,2000-11-01
"48",2,749.13,"2000-12-01","2011-01-28T08:30",0,6,0,"1.3.2.1.1.3.0.0.0.0","v2133245",749.13,2000-12-01
"49",2,753.65,"2001-01-01","2015-01-29T08:30",0,6,0,"1.3.2.1.1.3.0.0.0.0","v2133245",753.65,2001-01-01
"50",2,757.49,"2001-02-01","2015-01-29T08:30",0,6,0,"1.3.2.1.1.3.0.0.0.0","v2133245",757.49,2001-02-01
"51",2,760.26,"2001-03-01","2015-01-29T08:30",0,6,0,"1.3.2.1.1.3.0.0.0.0","v2133245",760.26,2001-03-01
"52",2,764.2,"2001-04-01","2015-01-29T08:30",0,6,0,"1.3.2.1.1.3.0.0.0.0","v2133245",764.2,2001-04-01
"53",2,764.19,"2001-05-01","2015-01-29T08:30",0,6,0,"1.3.2.1.1.3.0.0.0.0","v2133245",764.19,2001-05-01
"54",2,761.55,"2001-06-01","2015-01-29T08:30",0,6,0,"1.3.2.1.1.3.0.0.0.0","v2133245",761.55,2001-06-01
"55",2,758.41,"2001-07-01","2015-01-29T08:30",0,6,0,"1.3.2.1.1.3.0.0.0.0","v2133245",758.41,2001-07-01
"56",2,761.08,"2001-08-01","2015-01-29T08:30",0,6,0,"1.3.2.1.1.3.0.0.0.0","v2133245",761.08,2001-08-01
"57",2,762.35,"2001-09-01","2015-01-29T08:30",0,6,0,"1.3.2.1.1.3.0.0.0.0","v2133245",762.35,2001-09-01
"58",2,765.01,"2001-10-01","2015-01-29T08:30",0,6,0,"1.3.2.1.1.3.0.0.0.0","v2133245",765.01,2001-10-01
"59",2,769.4,"2001-11-01","2015-01-29T08:30",0,6,0,"1.3.2.1.1.3.0.0.0.0","v2133245",769.4,2001-11-01
"60",2,774.32,"2001-12-01","2015-01-29T08:30",0,6,0,"1.3.2.1.1.3.0.0.0.0","v2133245",774.32,2001-12-01
"61",2,777.34,"2002-01-01","2015-01-29T08:30",0,6,0,"1.3.2.1.1.3.0.0.0.0","v2133245",777.34,2002-01-01
"62",2,777.92,"2002-02-01","2015-01-29T08:30",0,6,0,"1.3.2.1.1.3.0.0.0.0","v2133245",777.92,2002-02-01
"63",2,783.65,"2002-03-01","2015-01-29T08:30",0,6,0,"1.3.2.1.1.3.0.0.0.0","v2133245",783.65,2002-03-01
"64",2,784.01,"2002-04-01","2015-01-29T08:30",0,6,0,"1.3.2.1.1.3.0.0.0.0","v2133245",784.01,2002-04-01
"65",2,780.14,"2002-05-01","2015-01-29T08:30",0,6,0,"1.3.2.1.1.3.0.0.0.0","v2133245",780.14,2002-05-01
"66",2,782.14,"2002-06-01","2015-01-29T08:30",0,6,0,"1.3.2.1.1.3.0.0.0.0","v2133245",782.14,2002-06-01
"67",2,781.43,"2002-07-01","2015-01-29T08:30",0,6,0,"1.3.2.1.1.3.0.0.0.0","v2133245",781.43,2002-07-01
"68",2,784.94,"2002-08-01","2015-01-29T08:30",0,6,0,"1.3.2.1.1.3.0.0.0.0","v2133245",784.94,2002-08-01
"69",2,785.83,"2002-09-01","2015-01-29T08:30",0,6,0,"1.3.2.1.1.3.0.0.0.0","v2133245",785.83,2002-09-01
"70",2,785.3,"2002-10-01","2015-01-29T08:30",0,6,0,"1.3.2.1.1.3.0.0.0.0","v2133245",785.3,2002-10-01
"71",2,789.85,"2002-11-01","2011-01-28T08:30",0,6,0,"1.3.2.1.1.3.0.0.0.0","v2133245",789.85,2002-11-01
"72",2,787.31,"2002-12-01","2015-01-29T08:30",0,6,0,"1.3.2.1.1.3.0.0.0.0","v2133245",787.31,2002-12-01
"73",2,793.89,"2003-01-01","2015-01-29T08:30",0,6,0,"1.3.2.1.1.3.0.0.0.0","v2133245",793.89,2003-01-01
"74",2,797.68,"2003-02-01","2015-01-29T08:30",0,6,0,"1.3.2.1.1.3.0.0.0.0","v2133245",797.68,2003-02-01
"75",2,791.99,"2003-03-01","2015-01-29T08:30",0,6,0,"1.3.2.1.1.3.0.0.0.0","v2133245",791.99,2003-03-01
"76",2,792.51,"2003-04-01","2015-01-29T08:30",0,6,0,"1.3.2.1.1.3.0.0.0.0","v2133245",792.51,2003-04-01
"77",2,795.53,"2003-05-01","2015-01-29T08:30",0,6,0,"1.3.2.1.1.3.0.0.0.0","v2133245",795.53,2003-05-01
"78",2,790.28,"2003-06-01","2015-01-29T08:30",0,6,0,"1.3.2.1.1.3.0.0.0.0","v2133245",790.28,2003-06-01
"79",2,794.65,"2003-07-01","2015-01-29T08:30",0,6,0,"1.3.2.1.1.3.0.0.0.0","v2133245",794.65,2003-07-01
"80",2,798.05,"2003-08-01","2015-01-29T08:30",0,6,0,"1.3.2.1.1.3.0.0.0.0","v2133245",798.05,2003-08-01
"81",2,803.72,"2003-09-01","2015-01-29T08:30",0,6,0,"1.3.2.1.1.3.0.0.0.0","v2133245",803.72,2003-09-01
"82",2,804.29,"2003-10-01","2015-01-29T08:30",0,6,0,"1.3.2.1.1.3.0.0.0.0","v2133245",804.29,2003-10-01
"83",2,806.56,"2003-11-01","2015-01-29T08:30",0,6,0,"1.3.2.1.1.3.0.0.0.0","v2133245",806.56,2003-11-01
"84",2,807.47,"2003-12-01","2015-01-29T08:30",0,6,0,"1.3.2.1.1.3.0.0.0.0","v2133245",807.47,2003-12-01
"85",2,814.5,"2004-01-01","2015-01-29T08:30",0,6,0,"1.3.2.1.1.3.0.0.0.0","v2133245",814.5,2004-01-01
"86",2,813.77,"2004-02-01","2015-01-29T08:30",0,6,0,"1.3.2.1.1.3.0.0.0.0","v2133245",813.77,2004-02-01
"87",2,815.81,"2004-03-01","2015-01-29T08:30",0,6,0,"1.3.2.1.1.3.0.0.0.0","v2133245",815.81,2004-03-01
"88",2,817.58,"2004-04-01","2015-01-29T08:30",0,6,0,"1.3.2.1.1.3.0.0.0.0","v2133245",817.58,2004-04-01
"89",2,816.74,"2004-05-01","2015-01-29T08:30",0,6,0,"1.3.2.1.1.3.0.0.0.0","v2133245",816.74,2004-05-01
"90",2,815.17,"2004-06-01","2015-01-29T08:30",0,6,0,"1.3.2.1.1.3.0.0.0.0","v2133245",815.17,2004-06-01
"91",2,816.36,"2004-07-01","2015-01-29T08:30",0,6,0,"1.3.2.1.1.3.0.0.0.0","v2133245",816.36,2004-07-01
"92",2,812.07,"2004-08-01","2015-01-29T08:30",0,6,0,"1.3.2.1.1.3.0.0.0.0","v2133245",812.07,2004-08-01
"93",2,818.81,"2004-09-01","2015-01-29T08:30",0,6,0,"1.3.2.1.1.3.0.0.0.0","v2133245",818.81,2004-09-01
"94",2,819.83,"2004-10-01","2015-01-29T08:30",0,6,0,"1.3.2.1.1.3.0.0.0.0","v2133245",819.83,2004-10-01
"95",2,826.07,"2004-11-01","2015-01-29T08:30",0,6,0,"1.3.2.1.1.3.0.0.0.0","v2133245",826.07,2004-11-01
"96",2,828.08,"2004-12-01","2015-01-29T08:30",0,6,0,"1.3.2.1.1.3.0.0.0.0","v2133245",828.08,2004-12-01
"97",2,836.28,"2005-01-01","2015-01-29T08:30",0,6,0,"1.3.2.1.1.3.0.0.0.0","v2133245",836.28,2005-01-01
"98",2,835.8,"2005-02-01","2015-01-29T08:30",0,6,0,"1.3.2.1.1.3.0.0.0.0","v2133245",835.8,2005-02-01
"99",2,837.96,"2005-03-01","2015-01-29T08:30",0,6,0,"1.3.2.1.1.3.0.0.0.0","v2133245",837.96,2005-03-01
"100",2,839.22,"2005-04-01","2015-01-29T08:30",0,6,0,"1.3.2.1.1.3.0.0.0.0","v2133245",839.22,2005-04-01
"101",2,834.49,"2005-05-01","2015-01-29T08:30",0,6,0,"1.3.2.1.1.3.0.0.0.0","v2133245",834.49,2005-05-01
"102",2,837.33,"2005-06-01","2015-01-29T08:30",0,6,0,"1.3.2.1.1.3.0.0.0.0","v2133245",837.33,2005-06-01
"103",2,839.26,"2005-07-01","2015-01-29T08:30",0,6,0,"1.3.2.1.1.3.0.0.0.0","v2133245",839.26,2005-07-01
"104",2,843.99,"2005-08-01","2015-01-29T08:30",0,6,0,"1.3.2.1.1.3.0.0.0.0","v2133245",843.99,2005-08-01
"105",2,847.16,"2005-09-01","2015-01-29T08:30",0,6,0,"1.3.2.1.1.3.0.0.0.0","v2133245",847.16,2005-09-01
"106",2,852.53,"2005-10-01","2015-01-29T08:30",0,6,0,"1.3.2.1.1.3.0.0.0.0","v2133245",852.53,2005-10-01
"107",2,857.79,"2005-11-01","2015-01-29T08:30",0,6,0,"1.3.2.1.1.3.0.0.0.0","v2133245",857.79,2005-11-01
"108",2,857.29,"2005-12-01","2015-01-29T08:30",0,6,0,"1.3.2.1.1.3.0.0.0.0","v2133245",857.29,2005-12-01
"109",2,862.7,"2006-01-01","2021-01-25T08:30",0,6,0,"1.3.2.1.1.3.0.0.0.0","v2133245",862.7,2006-01-01
"110",2,863.23,"2006-02-01","2021-01-25T08:30",0,6,0,"1.3.2.1.1.3.0.0.0.0","v2133245",863.23,2006-02-01
"111",2,869.42,"2006-03-01","2021-01-25T08:30",0,6,0,"1.3.2.1.1.3.0.0.0.0","v2133245",869.42,2006-03-01
"112",2,868.79,"2006-04-01","2021-01-25T08:30",0,6,0,"1.3.2.1.1.3.0.0.0.0","v2133245",868.79,2006-04-01
"113",2,868.63,"2006-05-01","2021-01-25T08:30",0,6,0,"1.3.2.1.1.3.0.0.0.0","v2133245",868.63,2006-05-01
"114",2,869.9,"2006-06-01","2021-01-25T08:30",0,6,0,"1.3.2.1.1.3.0.0.0.0","v2133245",869.9,2006-06-01
"115",2,871.18,"2006-07-01","2021-01-25T08:30",0,6,0,"1.3.2.1.1.3.0.0.0.0","v2133245",871.18,2006-07-01
"116",2,873.91,"2006-08-01","2021-01-25T08:30",0,6,0,"1.3.2.1.1.3.0.0.0.0","v2133245",873.91,2006-08-01
"117",2,874.07,"2006-09-01","2021-01-25T08:30",0,6,0,"1.3.2.1.1.3.0.0.0.0","v2133245",874.07,2006-09-01
"118",2,877.22,"2006-10-01","2021-01-25T08:30",0,6,0,"1.3.2.1.1.3.0.0.0.0","v2133245",877.22,2006-10-01
"119",2,881.18,"2006-11-01","2021-01-25T08:30",0,6,0,"1.3.2.1.1.3.0.0.0.0","v2133245",881.18,2006-11-01
"120",2,878.1,"2006-12-01","2021-01-25T08:30",0,6,0,"1.3.2.1.1.3.0.0.0.0","v2133245",878.1,2006-12-01
"121",2,881.83,"2007-01-01","2021-01-25T08:30",0,6,0,"1.3.2.1.1.3.0.0.0.0","v2133245",881.83,2007-01-01
"122",2,885.71,"2007-02-01","2021-01-25T08:30",0,6,0,"1.3.2.1.1.3.0.0.0.0","v2133245",885.71,2007-02-01
"123",2,885.55,"2007-03-01","2021-01-25T08:30",0,6,0,"1.3.2.1.1.3.0.0.0.0","v2133245",885.55,2007-03-01
"124",2,891.66,"2007-04-01","2021-01-25T08:30",0,6,0,"1.3.2.1.1.3.0.0.0.0","v2133245",891.66,2007-04-01
"125",2,894.03,"2007-05-01","2021-01-25T08:30",0,6,0,"1.3.2.1.1.3.0.0.0.0","v2133245",894.03,2007-05-01
"126",2,899.3,"2007-06-01","2021-01-25T08:30",0,6,0,"1.3.2.1.1.3.0.0.0.0","v2133245",899.3,2007-06-01
"127",2,902.23,"2007-07-01","2021-01-25T08:30",0,6,0,"1.3.2.1.1.3.0.0.0.0","v2133245",902.23,2007-07-01
"128",2,910.51,"2007-08-01","2021-01-25T08:30",0,6,0,"1.3.2.1.1.3.0.0.0.0","v2133245",910.51,2007-08-01
"129",2,913.81,"2007-09-01","2021-01-25T08:30",0,6,0,"1.3.2.1.1.3.0.0.0.0","v2133245",913.81,2007-09-01
"130",2,916.2,"2007-10-01","2021-01-25T08:30",0,6,0,"1.3.2.1.1.3.0.0.0.0","v2133245",916.2,2007-10-01
"131",2,921.09,"2007-11-01","2021-01-25T08:30",0,6,0,"1.3.2.1.1.3.0.0.0.0","v2133245",921.09,2007-11-01
"132",2,925.81,"2007-12-01","2021-01-25T08:30",0,6,0,"1.3.2.1.1.3.0.0.0.0","v2133245",925.81,2007-12-01
"133",2,922.86,"2008-01-01","2021-01-25T08:30",0,6,0,"1.3.2.1.1.3.0.0.0.0","v2133245",922.86,2008-01-01
"134",2,925.1,"2008-02-01","2021-01-25T08:30",0,6,0,"1.3.2.1.1.3.0.0.0.0","v2133245",925.1,2008-02-01
"135",2,925.98,"2008-03-01","2021-01-25T08:30",0,6,0,"1.3.2.1.1.3.0.0.0.0","v2133245",925.98,2008-03-01
"136",2,928.12,"2008-04-01","2021-01-25T08:30",0,6,0,"1.3.2.1.1.3.0.0.0.0","v2133245",928.12,2008-04-01
"137",2,931.41,"2008-05-01","2021-01-25T08:30",0,6,0,"1.3.2.1.1.3.0.0.0.0","v2133245",931.41,2008-05-01
"138",2,932.22,"2008-06-01","2021-01-25T08:30",0,6,0,"1.3.2.1.1.3.0.0.0.0","v2133245",932.22,2008-06-01
"139",2,930.73,"2008-07-01","2021-01-25T08:30",0,6,0,"1.3.2.1.1.3.0.0.0.0","v2133245",930.73,2008-07-01
"140",2,940.21,"2008-08-01","2021-01-25T08:30",0,6,0,"1.3.2.1.1.3.0.0.0.0","v2133245",940.21,2008-08-01
"141",2,948.32,"2008-09-01","2021-01-25T08:30",0,6,0,"1.3.2.1.1.3.0.0.0.0","v2133245",948.32,2008-09-01
"142",2,950.31,"2008-10-01","2021-01-25T08:30",0,6,0,"1.3.2.1.1.3.0.0.0.0","v2133245",950.31,2008-10-01
"143",2,958.57,"2008-11-01","2021-01-25T08:30",0,6,0,"1.3.2.1.1.3.0.0.0.0","v2133245",958.57,2008-11-01
"144",2,958.86,"2008-12-01","2021-01-25T08:30",0,6,0,"1.3.2.1.1.3.0.0.0.0","v2133245",958.86,2008-12-01
"145",2,967.81,"2009-01-01","2021-01-25T08:30",0,6,0,"1.3.2.1.1.3.0.0.0.0","v2133245",967.81,2009-01-01
"146",2,959.83,"2009-02-01","2021-01-25T08:30",0,6,0,"1.3.2.1.1.3.0.0.0.0","v2133245",959.83,2009-02-01
"147",2,960.87,"2009-03-01","2021-01-25T08:30",0,6,0,"1.3.2.1.1.3.0.0.0.0","v2133245",960.87,2009-03-01
"148",2,961.02,"2009-04-01","2021-01-25T08:30",0,6,0,"1.3.2.1.1.3.0.0.0.0","v2133245",961.02,2009-04-01
"149",2,956.87,"2009-05-01","2021-01-25T08:30",0,6,0,"1.3.2.1.1.3.0.0.0.0","v2133245",956.87,2009-05-01
"150",2,962.04,"2009-06-01","2021-01-25T08:30",0,6,0,"1.3.2.1.1.3.0.0.0.0","v2133245",962.04,2009-06-01
"151",2,958.8,"2009-07-01","2021-01-25T08:30",0,6,0,"1.3.2.1.1.3.0.0.0.0","v2133245",958.8,2009-07-01
"152",2,964.09,"2009-08-01","2021-01-25T08:30",0,6,0,"1.3.2.1.1.3.0.0.0.0","v2133245",964.09,2009-08-01
"153",2,969.62,"2009-09-01","2021-01-25T08:30",0,6,0,"1.3.2.1.1.3.0.0.0.0","v2133245",969.62,2009-09-01
"154",2,975.46,"2009-10-01","2021-01-25T08:30",0,6,0,"1.3.2.1.1.3.0.0.0.0","v2133245",975.46,2009-10-01
"155",2,971.95,"2009-11-01","2021-01-25T08:30",0,6,0,"1.3.2.1.1.3.0.0.0.0","v2133245",971.95,2009-11-01
"156",2,974.59,"2009-12-01","2021-01-25T08:30",0,6,0,"1.3.2.1.1.3.0.0.0.0","v2133245",974.59,2009-12-01
"157",2,978.42,"2010-01-01","2021-01-25T08:30",0,6,0,"1.3.2.1.1.3.0.0.0.0","v2133245",978.42,2010-01-01
"158",2,976.92,"2010-02-01","2021-01-25T08:30",0,6,0,"1.3.2.1.1.3.0.0.0.0","v2133245",976.92,2010-02-01
"159",2,980.92,"2010-03-01","2021-01-25T08:30",0,6,0,"1.3.2.1.1.3.0.0.0.0","v2133245",980.92,2010-03-01
"160",2,980.49,"2010-04-01","2021-01-25T08:30",0,6,0,"1.3.2.1.1.3.0.0.0.0","v2133245",980.49,2010-04-01
"161",2,975.56,"2010-05-01","2021-01-25T08:30",0,6,0,"1.3.2.1.1.3.0.0.0.0","v2133245",975.56,2010-05-01
"162",2,974.8,"2010-06-01","2021-01-25T08:30",0,6,0,"1.3.2.1.1.3.0.0.0.0","v2133245",974.8,2010-06-01
"163",2,974.22,"2010-07-01","2021-01-25T08:30",0,6,0,"1.3.2.1.1.3.0.0.0.0","v2133245",974.22,2010-07-01
"164",2,979.09,"2010-08-01","2021-01-25T08:30",0,6,0,"1.3.2.1.1.3.0.0.0.0","v2133245",979.09,2010-08-01
"165",2,984.44,"2010-09-01","2021-01-25T08:30",0,6,0,"1.3.2.1.1.3.0.0.0.0","v2133245",984.44,2010-09-01
"166",2,988.47,"2010-10-01","2021-01-25T08:30",0,6,0,"1.3.2.1.1.3.0.0.0.0","v2133245",988.47,2010-10-01
"167",2,997.33,"2010-11-01","2021-01-25T08:30",0,6,0,"1.3.2.1.1.3.0.0.0.0","v2133245",997.33,2010-11-01
"168",2,994.5,"2010-12-01","2021-01-25T08:30",0,6,0,"1.3.2.1.1.3.0.0.0.0","v2133245",994.5,2010-12-01
"169",2,1001.02,"2011-01-01","2021-01-25T08:30",0,6,0,"1.3.2.1.1.3.0.0.0.0","v2133245",1001.02,2011-01-01
"170",2,1007.12,"2011-02-01","2021-01-25T08:30",0,6,0,"1.3.2.1.1.3.0.0.0.0","v2133245",1007.12,2011-02-01
"171",2,1002.65,"2011-03-01","2021-01-25T08:30",0,6,0,"1.3.2.1.1.3.0.0.0.0","v2133245",1002.65,2011-03-01
"172",2,1004.41,"2011-04-01","2021-01-25T08:30",0,6,0,"1.3.2.1.1.3.0.0.0.0","v2133245",1004.41,2011-04-01
"173",2,1001.66,"2011-05-01","2021-01-25T08:30",0,6,0,"1.3.2.1.1.3.0.0.0.0","v2133245",1001.66,2011-05-01
"174",2,993.83,"2011-06-01","2021-01-25T08:30",0,6,0,"1.3.2.1.1.3.0.0.0.0","v2133245",993.83,2011-06-01
"175",2,993.12,"2011-07-01","2021-01-25T08:30",0,6,0,"1.3.2.1.1.3.0.0.0.0","v2133245",993.12,2011-07-01
"176",2,994.76,"2011-08-01","2021-01-25T08:30",0,6,0,"1.3.2.1.1.3.0.0.0.0","v2133245",994.76,2011-08-01
"177",2,1002.21,"2011-09-01","2021-01-25T08:30",0,6,0,"1.3.2.1.1.3.0.0.0.0","v2133245",1002.21,2011-09-01
"178",2,1003.89,"2011-10-01","2021-01-25T08:30",0,6,0,"1.3.2.1.1.3.0.0.0.0","v2133245",1003.89,2011-10-01
"179",2,1014.66,"2011-11-01","2021-01-25T08:30",0,6,0,"1.3.2.1.1.3.0.0.0.0","v2133245",1014.66,2011-11-01
"180",2,1019.97,"2011-12-01","2021-01-25T08:30",0,6,0,"1.3.2.1.1.3.0.0.0.0","v2133245",1019.97,2011-12-01
"181",2,1028.79,"2012-01-01","2021-01-25T08:30",0,6,0,"1.3.2.1.1.3.0.0.0.0","v2133245",1028.79,2012-01-01
"182",2,1028.93,"2012-02-01","2021-01-25T08:30",0,6,0,"1.3.2.1.1.3.0.0.0.0","v2133245",1028.93,2012-02-01
"183",2,1031.95,"2012-03-01","2021-01-25T08:30",0,6,0,"1.3.2.1.1.3.0.0.0.0","v2133245",1031.95,2012-03-01
"184",2,1032.83,"2012-04-01","2021-01-25T08:30",0,6,0,"1.3.2.1.1.3.0.0.0.0","v2133245",1032.83,2012-04-01
"185",2,1025.7,"2012-05-01","2021-01-25T08:30",0,6,0,"1.3.2.1.1.3.0.0.0.0","v2133245",1025.7,2012-05-01
"186",2,1024.98,"2012-06-01","2021-01-25T08:30",0,6,0,"1.3.2.1.1.3.0.0.0.0","v2133245",1024.98,2012-06-01
"187",2,1031.92,"2012-07-01","2021-01-25T08:30",0,6,0,"1.3.2.1.1.3.0.0.0.0","v2133245",1031.92,2012-07-01
"188",2,1033.73,"2012-08-01","2021-01-25T08:30",0,6,0,"1.3.2.1.1.3.0.0.0.0","v2133245",1033.73,2012-08-01
"189",2,1034.37,"2012-09-01","2021-01-25T08:30",0,6,0,"1.3.2.1.1.3.0.0.0.0","v2133245",1034.37,2012-09-01
"190",2,1037.5,"2012-10-01","2021-01-25T08:30",0,6,0,"1.3.2.1.1.3.0.0.0.0","v2133245",1037.5,2012-10-01
"191",2,1040.09,"2012-11-01","2021-01-25T08:30",0,6,0,"1.3.2.1.1.3.0.0.0.0","v2133245",1040.09,2012-11-01
"192",2,1044.32,"2012-12-01","2021-01-25T08:30",0,6,0,"1.3.2.1.1.3.0.0.0.0","v2133245",1044.32,2012-12-01
"193",2,1046.53,"2013-01-01","2021-01-25T08:30",0,6,0,"1.3.2.1.1.3.0.0.0.0","v2133245",1046.53,2013-01-01
"194",2,1045.5,"2013-02-01","2021-01-25T08:30",0,6,0,"1.3.2.1.1.3.0.0.0.0","v2133245",1045.5,2013-02-01
"195",2,1054.05,"2013-03-01","2021-01-25T08:30",0,6,0,"1.3.2.1.1.3.0.0.0.0","v2133245",1054.05,2013-03-01
"196",2,1055.31,"2013-04-01","2021-01-25T08:30",0,6,0,"1.3.2.1.1.3.0.0.0.0","v2133245",1055.31,2013-04-01
"197",2,1054.32,"2013-05-01","2021-01-25T08:30",0,6,0,"1.3.2.1.1.3.0.0.0.0","v2133245",1054.32,2013-05-01
"198",2,1052.04,"2013-06-01","2021-01-25T08:30",0,6,0,"1.3.2.1.1.3.0.0.0.0","v2133245",1052.04,2013-06-01
"199",2,1044.1,"2013-07-01","2021-01-25T08:30",0,6,0,"1.3.2.1.1.3.0.0.0.0","v2133245",1044.1,2013-07-01
"200",2,1052.58,"2013-08-01","2021-01-25T08:30",0,6,0,"1.3.2.1.1.3.0.0.0.0","v2133245",1052.58,2013-08-01
"201",2,1058.09,"2013-09-01","2021-01-25T08:30",0,6,0,"1.3.2.1.1.3.0.0.0.0","v2133245",1058.09,2013-09-01
"202",2,1061.85,"2013-10-01","2021-01-25T08:30",0,6,0,"1.3.2.1.1.3.0.0.0.0","v2133245",1061.85,2013-10-01
"203",2,1067.07,"2013-11-01","2021-01-25T08:30",0,6,0,"1.3.2.1.1.3.0.0.0.0","v2133245",1067.07,2013-11-01
"204",2,1065.15,"2013-12-01","2021-01-25T08:30",0,6,0,"1.3.2.1.1.3.0.0.0.0","v2133245",1065.15,2013-12-01
"205",2,1070,"2014-01-01","2021-01-25T08:30",0,6,0,"1.3.2.1.1.3.0.0.0.0","v2133245",1070,2014-01-01
"206",2,1070.75,"2014-02-01","2021-01-25T08:30",0,6,0,"1.3.2.1.1.3.0.0.0.0","v2133245",1070.75,2014-02-01
"207",2,1075.29,"2014-03-01","2021-01-25T08:30",0,6,0,"1.3.2.1.1.3.0.0.0.0","v2133245",1075.29,2014-03-01
"208",2,1074.31,"2014-04-01","2021-01-25T08:30",0,6,0,"1.3.2.1.1.3.0.0.0.0","v2133245",1074.31,2014-04-01
"209",2,1068.93,"2014-05-01","2021-01-25T08:30",0,6,0,"1.3.2.1.1.3.0.0.0.0","v2133245",1068.93,2014-05-01
"210",2,1070.68,"2014-06-01","2021-01-25T08:30",0,6,0,"1.3.2.1.1.3.0.0.0.0","v2133245",1070.68,2014-06-01
"211",2,1072.83,"2014-07-01","2021-01-25T08:30",0,6,0,"1.3.2.1.1.3.0.0.0.0","v2133245",1072.83,2014-07-01
"212",2,1075.13,"2014-08-01","2021-01-25T08:30",0,6,0,"1.3.2.1.1.3.0.0.0.0","v2133245",1075.13,2014-08-01
"213",2,1083.7,"2014-09-01","2021-01-25T08:30",0,6,0,"1.3.2.1.1.3.0.0.0.0","v2133245",1083.7,2014-09-01
"214",2,1082.95,"2014-10-01","2021-01-25T08:30",0,6,0,"1.3.2.1.1.3.0.0.0.0","v2133245",1082.95,2014-10-01
"215",2,1078.31,"2014-11-01","2021-01-25T08:30",0,6,0,"1.3.2.1.1.3.0.0.0.0","v2133245",1078.31,2014-11-01
"216",2,1083.52,"2014-12-01","2021-01-25T08:30",0,6,0,"1.3.2.1.1.3.0.0.0.0","v2133245",1083.52,2014-12-01
"217",2,1086.96,"2015-01-01","2021-01-25T08:30",0,6,0,"1.3.2.1.1.3.0.0.0.0","v2133245",1086.96,2015-01-01
"218",2,1091.23,"2015-02-01","2021-01-25T08:30",0,6,0,"1.3.2.1.1.3.0.0.0.0","v2133245",1091.23,2015-02-01
"219",2,1095.42,"2015-03-01","2021-01-25T08:30",0,6,0,"1.3.2.1.1.3.0.0.0.0","v2133245",1095.42,2015-03-01
"220",2,1102.83,"2015-04-01","2021-01-25T08:30",0,6,0,"1.3.2.1.1.3.0.0.0.0","v2133245",1102.83,2015-04-01
"221",2,1104.94,"2015-05-01","2021-01-25T08:30",0,6,0,"1.3.2.1.1.3.0.0.0.0","v2133245",1104.94,2015-05-01
"222",2,1104.66,"2015-06-01","2021-01-25T08:30",0,6,0,"1.3.2.1.1.3.0.0.0.0","v2133245",1104.66,2015-06-01
"223",2,1113.41,"2015-07-01","2021-01-25T08:30",0,6,0,"1.3.2.1.1.3.0.0.0.0","v2133245",1113.41,2015-07-01
"224",2,1113.31,"2015-08-01","2021-01-25T08:30",0,6,0,"1.3.2.1.1.3.0.0.0.0","v2133245",1113.31,2015-08-01
"225",2,1114.03,"2015-09-01","2021-01-25T08:30",0,6,0,"1.3.2.1.1.3.0.0.0.0","v2133245",1114.03,2015-09-01
"226",2,1113.88,"2015-10-01","2021-01-25T08:30",0,6,0,"1.3.2.1.1.3.0.0.0.0","v2133245",1113.88,2015-10-01
"227",2,1116.54,"2015-11-01","2021-01-25T08:30",0,6,0,"1.3.2.1.1.3.0.0.0.0","v2133245",1116.54,2015-11-01
"228",2,1122.38,"2015-12-01","2021-01-25T08:30",0,6,0,"1.3.2.1.1.3.0.0.0.0","v2133245",1122.38,2015-12-01
"229",2,1122.58,"2016-01-01","2021-01-25T08:30",0,6,0,"1.3.2.1.1.3.0.0.0.0","v2133245",1122.58,2016-01-01
"230",2,1127.52,"2016-02-01","2021-01-25T08:30",0,6,0,"1.3.2.1.1.3.0.0.0.0","v2133245",1127.52,2016-02-01
"231",2,1128.27,"2016-03-01","2021-01-25T08:30",0,6,0,"1.3.2.1.1.3.0.0.0.0","v2133245",1128.27,2016-03-01
"232",2,1129.98,"2016-04-01","2021-01-25T08:30",0,6,0,"1.3.2.1.1.3.0.0.0.0","v2133245",1129.98,2016-04-01
"233",2,1122.89,"2016-05-01","2021-01-25T08:30",0,6,0,"1.3.2.1.1.3.0.0.0.0","v2133245",1122.89,2016-05-01
"234",2,1120.78,"2016-06-01","2021-01-25T08:30",0,6,0,"1.3.2.1.1.3.0.0.0.0","v2133245",1120.78,2016-06-01
"235",2,1121,"2016-07-01","2021-01-25T08:30",0,6,0,"1.3.2.1.1.3.0.0.0.0","v2133245",1121,2016-07-01
"236",2,1120.84,"2016-08-01","2021-01-25T08:30",0,6,0,"1.3.2.1.1.3.0.0.0.0","v2133245",1120.84,2016-08-01
"237",2,1122.66,"2016-09-01","2021-01-25T08:30",0,6,0,"1.3.2.1.1.3.0.0.0.0","v2133245",1122.66,2016-09-01
"238",2,1125.36,"2016-10-01","2021-01-25T08:30",0,6,0,"1.3.2.1.1.3.0.0.0.0","v2133245",1125.36,2016-10-01
"239",2,1131.86,"2016-11-01","2021-01-25T08:30",0,6,0,"1.3.2.1.1.3.0.0.0.0","v2133245",1131.86,2016-11-01
"240",2,1135.11,"2016-12-01","2021-01-25T08:30",0,6,0,"1.3.2.1.1.3.0.0.0.0","v2133245",1135.11,2016-12-01
"241",2,1134.78,"2017-01-01","2021-01-25T08:30",0,6,0,"1.3.2.1.1.3.0.0.0.0","v2133245",1134.78,2017-01-01
"242",2,1143.15,"2017-02-01","2021-01-25T08:30",0,6,0,"1.3.2.1.1.3.0.0.0.0","v2133245",1143.15,2017-02-01
"243",2,1145.89,"2017-03-01","2021-01-25T08:30",0,6,0,"1.3.2.1.1.3.0.0.0.0","v2133245",1145.89,2017-03-01
"244",2,1137.01,"2017-04-01","2021-01-25T08:30",0,6,0,"1.3.2.1.1.3.0.0.0.0","v2133245",1137.01,2017-04-01
"245",2,1135.23,"2017-05-01","2021-01-25T08:30",0,6,0,"1.3.2.1.1.3.0.0.0.0","v2133245",1135.23,2017-05-01
"246",2,1137.45,"2017-06-01","2021-01-25T08:30",0,6,0,"1.3.2.1.1.3.0.0.0.0","v2133245",1137.45,2017-06-01
"247",2,1141.44,"2017-07-01","2021-01-25T08:30",0,6,0,"1.3.2.1.1.3.0.0.0.0","v2133245",1141.44,2017-07-01
"248",2,1144.39,"2017-08-01","2021-01-25T08:30",0,6,0,"1.3.2.1.1.3.0.0.0.0","v2133245",1144.39,2017-08-01
"249",2,1146.71,"2017-09-01","2021-01-25T08:30",0,6,0,"1.3.2.1.1.3.0.0.0.0","v2133245",1146.71,2017-09-01
"250",2,1155.59,"2017-10-01","2021-01-25T08:30",0,6,0,"1.3.2.1.1.3.0.0.0.0","v2133245",1155.59,2017-10-01
"251",2,1159.68,"2017-11-01","2021-01-25T08:30",0,6,0,"1.3.2.1.1.3.0.0.0.0","v2133245",1159.68,2017-11-01
"252",2,1158.66,"2017-12-01","2021-01-25T08:30",0,6,0,"1.3.2.1.1.3.0.0.0.0","v2133245",1158.66,2017-12-01
"253",2,1161.99,"2018-01-01","2021-01-25T08:30",0,6,0,"1.3.2.1.1.3.0.0.0.0","v2133245",1161.99,2018-01-01
"254",2,1166.35,"2018-02-01","2021-01-25T08:30",0,6,0,"1.3.2.1.1.3.0.0.0.0","v2133245",1166.35,2018-02-01
"255",2,1169.73,"2018-03-01","2021-01-25T08:30",0,6,0,"1.3.2.1.1.3.0.0.0.0","v2133245",1169.73,2018-03-01
"256",2,1169.61,"2018-04-01","2021-01-25T08:30",0,6,0,"1.3.2.1.1.3.0.0.0.0","v2133245",1169.61,2018-04-01
"257",2,1169.69,"2018-05-01","2021-01-25T08:30",0,6,0,"1.3.2.1.1.3.0.0.0.0","v2133245",1169.69,2018-05-01
"258",2,1167.97,"2018-06-01","2021-01-25T08:30",0,6,0,"1.3.2.1.1.3.0.0.0.0","v2133245",1167.97,2018-06-01
"259",2,1159.62,"2018-07-01","2021-01-25T08:30",0,6,0,"1.3.2.1.1.3.0.0.0.0","v2133245",1159.62,2018-07-01
"260",2,1163.69,"2018-08-01","2021-01-25T08:30",0,6,0,"1.3.2.1.1.3.0.0.0.0","v2133245",1163.69,2018-08-01
"261",2,1167.78,"2018-09-01","2021-01-25T08:30",0,6,0,"1.3.2.1.1.3.0.0.0.0","v2133245",1167.78,2018-09-01
"262",2,1165.16,"2018-10-01","2021-01-25T08:30",0,6,0,"1.3.2.1.1.3.0.0.0.0","v2133245",1165.16,2018-10-01
"263",2,1167.44,"2018-11-01","2021-01-25T08:30",0,6,0,"1.3.2.1.1.3.0.0.0.0","v2133245",1167.44,2018-11-01
"264",2,1173.77,"2018-12-01","2021-01-25T08:30",0,6,0,"1.3.2.1.1.3.0.0.0.0","v2133245",1173.77,2018-12-01
"265",2,1178.74,"2019-01-01","2021-01-25T08:30",0,6,0,"1.3.2.1.1.3.0.0.0.0","v2133245",1178.74,2019-01-01
"266",2,1187.94,"2019-02-01","2021-01-25T08:30",0,6,0,"1.3.2.1.1.3.0.0.0.0","v2133245",1187.94,2019-02-01
"267",2,1190.67,"2019-03-01","2021-01-25T08:30",0,6,0,"1.3.2.1.1.3.0.0.0.0","v2133245",1190.67,2019-03-01
"268",2,1192.13,"2019-04-01","2021-01-25T08:30",0,6,0,"1.3.2.1.1.3.0.0.0.0","v2133245",1192.13,2019-04-01
"269",2,1195.65,"2019-05-01","2021-01-25T08:30",0,6,0,"1.3.2.1.1.3.0.0.0.0","v2133245",1195.65,2019-05-01
"270",2,1213.33,"2019-06-01","2021-01-25T08:30",0,6,0,"1.3.2.1.1.3.0.0.0.0","v2133245",1213.33,2019-06-01
"271",2,1209.84,"2019-07-01","2021-01-25T08:30",0,6,0,"1.3.2.1.1.3.0.0.0.0","v2133245",1209.84,2019-07-01
"272",2,1207.97,"2019-08-01","2021-01-25T08:30",0,6,0,"1.3.2.1.1.3.0.0.0.0","v2133245",1207.97,2019-08-01
"273",2,1215.87,"2019-09-01","2021-01-25T08:30",0,6,0,"1.3.2.1.1.3.0.0.0.0","v2133245",1215.87,2019-09-01
"274",2,1221.9,"2019-10-01","2021-01-25T08:30",0,6,0,"1.3.2.1.1.3.0.0.0.0","v2133245",1221.9,2019-10-01
"275",2,1222.85,"2019-11-01","2021-01-25T08:30",0,6,0,"1.3.2.1.1.3.0.0.0.0","v2133245",1222.85,2019-11-01
"276",2,1219.49,"2019-12-01","2021-01-25T08:30",0,6,0,"1.3.2.1.1.3.0.0.0.0","v2133245",1219.49,2019-12-01
"277",2,1233.78,"2020-01-01","2021-01-25T08:30",0,6,0,"1.3.2.1.1.3.0.0.0.0","v2133245",1233.78,2020-01-01
"278",2,1239.79,"2020-02-01","2021-01-25T08:30",0,6,0,"1.3.2.1.1.3.0.0.0.0","v2133245",1239.79,2020-02-01
"279",2,1258.28,"2020-03-01","2021-01-25T08:30",0,6,0,"1.3.2.1.1.3.0.0.0.0","v2133245",1258.28,2020-03-01
"280",2,1296.68,"2020-04-01","2021-01-25T08:30",0,6,0,"1.3.2.1.1.3.0.0.0.0","v2133245",1296.68,2020-04-01
"281",2,1296.19,"2020-05-01","2021-01-25T08:30",0,6,0,"1.3.2.1.1.3.0.0.0.0","v2133245",1296.19,2020-05-01
"282",2,1282.76,"2020-06-01","2021-01-25T08:30",0,6,0,"1.3.2.1.1.3.0.0.0.0","v2133245",1282.76,2020-06-01
"283",2,1284.76,"2020-07-01","2021-01-25T08:30",0,6,0,"1.3.2.1.1.3.0.0.0.0","v2133245",1284.76,2020-07-01
"284",2,1276.36,"2020-08-01","2021-01-25T08:30",0,6,0,"1.3.2.1.1.3.0.0.0.0","v2133245",1276.36,2020-08-01
"285",2,1277.72,"2020-09-01","2021-01-25T08:30",0,6,0,"1.3.2.1.1.3.0.0.0.0","v2133245",1277.72,2020-09-01
"286",2,1276.13,"2020-10-01","2021-01-25T08:30",0,6,0,"1.3.2.1.1.3.0.0.0.0","v2133245",1276.13,2020-10-01
"287",2,1269.95,"2020-11-01","2021-01-25T08:30",0,6,0,"1.3.2.1.1.3.0.0.0.0","v2133245",1269.95,2020-11-01
"288",2,1275.25,"2020-12-01","2021-01-25T08:30",0,6,0,"1.3.2.1.1.3.0.0.0.0","v2133245",1275.25,2020-12-01
"289",2,1293.51,"2021-01-01","2021-02-05T08:30",0,6,0,"1.3.2.1.1.3.0.0.0.0","v2133245",1293.51,2021-01-01
"290",2,1286.5,"2021-02-01","2021-03-12T08:30",0,6,0,"1.3.2.1.1.3.0.0.0.0","v2133245",1286.5,2021-02-01
"291",2,1288.45,"2021-03-01","2021-04-09T08:30",0,6,0,"1.3.2.1.1.3.0.0.0.0","v2133245",1288.45,2021-03-01
"292",2,1299.64,"2021-04-01","2021-05-07T08:30",0,6,0,"1.3.2.1.1.3.0.0.0.0","v2133245",1299.64,2021-04-01
"293",2,1295.63,"2021-05-01","2021-06-04T08:30",0,6,0,"1.3.2.1.1.3.0.0.0.0","v2133245",1295.63,2021-05-01
"294",2,1295.62,"2021-06-01","2021-07-09T08:30",0,6,0,"1.3.2.1.1.3.0.0.0.0","v2133245",1295.62,2021-06-01
"295",2,1294.28,"2021-07-01","2021-08-06T08:30",0,6,0,"1.3.2.1.1.3.0.0.0.0","v2133245",1294.28,2021-07-01
"296",2,1307.31,"2021-08-01","2021-09-10T08:30",0,6,0,"1.3.2.1.1.3.0.0.0.0","v2133245",1307.31,2021-08-01
"297",2,1309.63,"2021-09-01","2021-10-08T08:30",0,6,0,"1.3.2.1.1.3.0.0.0.0","v2133245",1309.63,2021-09-01
"298",2,1309.16,"2021-10-01","2021-11-05T08:30",0,6,0,"1.3.2.1.1.3.0.0.0.0","v2133245",1309.16,2021-10-01
"299",2,1322.34,"2021-11-01","2021-12-03T08:30",0,6,0,"1.3.2.1.1.3.0.0.0.0","v2133245",1322.34,2021-11-01
"300",2,1322.83,"2021-12-01","2022-01-07T08:30",0,6,0,"1.3.2.1.1.3.0.0.0.0","v2133245",1322.83,2021-12-01
"301",2,1341.57,"2022-01-01","2022-02-04T08:30",0,6,0,"1.3.2.1.1.3.0.0.0.0","v2133245",1341.57,2022-01-01
"302",2,1340.58,"2022-02-01","2022-03-11T08:30",0,6,0,"1.3.2.1.1.3.0.0.0.0","v2133245",1340.58,2022-02-01
"303",2,1347.13,"2022-03-01","2022-04-08T08:30",0,6,0,"1.3.2.1.1.3.0.0.0.0","v2133245",1347.13,2022-03-01
"304",2,1351.16,"2022-04-01","2022-05-06T08:30",0,6,0,"1.3.2.1.1.3.0.0.0.0","v2133245",1351.16,2022-04-01
"305",2,1356.38,"2022-05-01","2022-06-10T08:30",0,6,0,"1.3.2.1.1.3.0.0.0.0","v2133245",1356.38,2022-05-01
"306",2,1368.45,"2022-06-01","2022-07-08T08:30",0,6,0,"1.3.2.1.1.3.0.0.0.0","v2133245",1368.45,2022-06-01
"307",2,1371.06,"2022-07-01","2022-09-09T08:30",0,6,0,"1.3.2.1.1.3.0.0.0.0","v2133245",1371.06,2022-07-01
"308",2,1376.97,"2022-08-01","2022-09-09T08:30",0,6,0,"1.3.2.1.1.3.0.0.0.0","v2133245",1376.97,2022-08-01
"309",2,1378.94,"2022-09-01","2022-10-07T08:30",0,6,0,"1.3.2.1.1.3.0.0.0.0","v2133245",1378.94,2022-09-01
"310",2,1388.06,"2022-10-01","2022-11-04T08:30",0,6,0,"1.3.2.1.1.3.0.0.0.0","v2133245",1388.06,2022-10-01
"311",2,1393.9,"2022-11-01","2022-12-02T08:30",0,6,0,"1.3.2.1.1.3.0.0.0.0","v2133245",1393.9,2022-11-01
