"","Date","employment_rate"
"1",2000-01-01,0.798
"2",2000-02-01,0.799
"3",2000-03-01,0.8
"4",2000-04-01,0.799
"5",2000-05-01,0.799
"6",2000-06-01,0.799
"7",2000-07-01,0.799
"8",2000-08-01,0.798
"9",2000-09-01,0.798
"10",2000-10-01,0.799
"11",2000-11-01,0.799
"12",2000-12-01,0.8
"13",2001-01-01,0.801
"14",2001-02-01,0.801
"15",2001-03-01,0.799
"16",2001-04-01,0.8
"17",2001-05-01,0.8
"18",2001-06-01,0.798
"19",2001-07-01,0.797
"20",2001-08-01,0.796
"21",2001-09-01,0.796
"22",2001-10-01,0.797
"23",2001-11-01,0.798
"24",2001-12-01,0.794
"25",2002-01-01,0.794
"26",2002-02-01,0.795
"27",2002-03-01,0.798
"28",2002-04-01,0.799
"29",2002-05-01,0.801
"30",2002-06-01,0.803
"31",2002-07-01,0.804
"32",2002-08-01,0.806
"33",2002-09-01,0.808
"34",2002-10-01,0.806
"35",2002-11-01,0.807
"36",2002-12-01,0.808
"37",2003-01-01,0.807
"38",2003-02-01,0.808
"39",2003-03-01,0.807
"40",2003-04-01,0.806
"41",2003-05-01,0.806
"42",2003-06-01,0.806
"43",2003-07-01,0.808
"44",2003-08-01,0.807
"45",2003-09-01,0.807
"46",2003-10-01,0.81
"47",2003-11-01,0.811
"48",2003-12-01,0.813
"49",2004-01-01,0.812
"50",2004-02-01,0.813
"51",2004-03-01,0.814
"52",2004-04-01,0.814
"53",2004-05-01,0.814
"54",2004-06-01,0.815
"55",2004-07-01,0.814
"56",2004-08-01,0.815
"57",2004-09-01,0.812
"58",2004-10-01,0.813
"59",2004-11-01,0.812
"60",2004-12-01,0.813
"61",2005-01-01,0.814
"62",2005-02-01,0.814
"63",2005-03-01,0.814
"64",2005-04-01,0.813
"65",2005-05-01,0.812
"66",2005-06-01,0.813
"67",2005-07-01,0.812
"68",2005-08-01,0.813
"69",2005-09-01,0.813
"70",2005-10-01,0.814
"71",2005-11-01,0.814
"72",2005-12-01,0.813
"73",2006-01-01,0.813
"74",2006-02-01,0.813
"75",2006-03-01,0.814
"76",2006-04-01,0.817
"77",2006-05-01,0.818
"78",2006-06-01,0.817
"79",2006-07-01,0.817
"80",2006-08-01,0.816
"81",2006-09-01,0.817
"82",2006-10-01,0.816
"83",2006-11-01,0.814
"84",2006-12-01,0.818
"85",2007-01-01,0.82
"86",2007-02-01,0.819
"87",2007-03-01,0.819
"88",2007-04-01,0.818
"89",2007-05-01,0.819
"90",2007-06-01,0.82
"91",2007-07-01,0.822
"92",2007-08-01,0.821
"93",2007-09-01,0.822
"94",2007-10-01,0.822
"95",2007-11-01,0.822
"96",2007-12-01,0.821
"97",2008-01-01,0.822
"98",2008-02-01,0.823
"99",2008-03-01,0.822
"100",2008-04-01,0.822
"101",2008-05-01,0.823
"102",2008-06-01,0.822
"103",2008-07-01,0.82
"104",2008-08-01,0.82
"105",2008-09-01,0.819
"106",2008-10-01,0.821
"107",2008-11-01,0.818
"108",2008-12-01,0.816
"109",2009-01-01,0.809
"110",2009-02-01,0.807
"111",2009-03-01,0.805
"112",2009-04-01,0.802
"113",2009-05-01,0.801
"114",2009-06-01,0.799
"115",2009-07-01,0.799
"116",2009-08-01,0.798
"117",2009-09-01,0.8
"118",2009-10-01,0.802
"119",2009-11-01,0.804
"120",2009-12-01,0.801
"121",2010-01-01,0.802
"122",2010-02-01,0.801
"123",2010-03-01,0.803
"124",2010-04-01,0.804
"125",2010-05-01,0.805
"126",2010-06-01,0.807
"127",2010-07-01,0.805
"128",2010-08-01,0.807
"129",2010-09-01,0.805
"130",2010-10-01,0.803
"131",2010-11-01,0.804
"132",2010-12-01,0.804
"133",2011-01-01,0.808
"134",2011-02-01,0.808
"135",2011-03-01,0.809
"136",2011-04-01,0.81
"137",2011-05-01,0.809
"138",2011-06-01,0.809
"139",2011-07-01,0.81
"140",2011-08-01,0.811
"141",2011-09-01,0.809
"142",2011-10-01,0.809
"143",2011-11-01,0.806
"144",2011-12-01,0.807
"145",2012-01-01,0.809
"146",2012-02-01,0.809
"147",2012-03-01,0.809
"148",2012-04-01,0.811
"149",2012-05-01,0.813
"150",2012-06-01,0.813
"151",2012-07-01,0.813
"152",2012-08-01,0.813
"153",2012-09-01,0.816
"154",2012-10-01,0.816
"155",2012-11-01,0.817
"156",2012-12-01,0.818
"157",2013-01-01,0.814
"158",2013-02-01,0.817
"159",2013-03-01,0.814
"160",2013-04-01,0.815
"161",2013-05-01,0.815
"162",2013-06-01,0.815
"163",2013-07-01,0.815
"164",2013-08-01,0.815
"165",2013-09-01,0.814
"166",2013-10-01,0.814
"167",2013-11-01,0.815
"168",2013-12-01,0.813
"169",2014-01-01,0.812
"170",2014-02-01,0.811
"171",2014-03-01,0.813
"172",2014-04-01,0.81
"173",2014-05-01,0.809
"174",2014-06-01,0.808
"175",2014-07-01,0.809
"176",2014-08-01,0.81
"177",2014-09-01,0.812
"178",2014-10-01,0.814
"179",2014-11-01,0.814
"180",2014-12-01,0.817
"181",2015-01-01,0.814
"182",2015-02-01,0.815
"183",2015-03-01,0.813
"184",2015-04-01,0.813
"185",2015-05-01,0.813
"186",2015-06-01,0.814
"187",2015-07-01,0.815
"188",2015-08-01,0.815
"189",2015-09-01,0.814
"190",2015-10-01,0.813
"191",2015-11-01,0.812
"192",2015-12-01,0.812
"193",2016-01-01,0.813
"194",2016-02-01,0.812
"195",2016-03-01,0.812
"196",2016-04-01,0.813
"197",2016-05-01,0.814
"198",2016-06-01,0.813
"199",2016-07-01,0.812
"200",2016-08-01,0.812
"201",2016-09-01,0.811
"202",2016-10-01,0.812
"203",2016-11-01,0.814
"204",2016-12-01,0.815
"205",2017-01-01,0.819
"206",2017-02-01,0.82
"207",2017-03-01,0.821
"208",2017-04-01,0.821
"209",2017-05-01,0.822
"210",2017-06-01,0.823
"211",2017-07-01,0.824
"212",2017-08-01,0.823
"213",2017-09-01,0.822
"214",2017-10-01,0.822
"215",2017-11-01,0.822
"216",2017-12-01,0.824
"217",2018-01-01,0.823
"218",2018-02-01,0.825
"219",2018-03-01,0.826
"220",2018-04-01,0.826
"221",2018-05-01,0.824
"222",2018-06-01,0.826
"223",2018-07-01,0.827
"224",2018-08-01,0.827
"225",2018-09-01,0.83
"226",2018-10-01,0.832
"227",2018-11-01,0.834
"228",2018-12-01,0.834
"229",2019-01-01,0.833
"230",2019-02-01,0.834
"231",2019-03-01,0.831
"232",2019-04-01,0.833
"233",2019-05-01,0.835
"234",2019-06-01,0.834
"235",2019-07-01,0.833
"236",2019-08-01,0.834
"237",2019-09-01,0.837
"238",2019-10-01,0.832
"239",2019-11-01,0.83
"240",2019-12-01,0.833
"241",2020-01-01,0.833
"242",2020-02-01,0.831
"243",2020-03-01,0.797
"244",2020-04-01,0.722
"245",2020-05-01,0.736
"246",2020-06-01,0.778
"247",2020-07-01,0.791
"248",2020-08-01,0.798
"249",2020-09-01,0.813
"250",2020-10-01,0.816
"251",2020-11-01,0.817
"252",2020-12-01,0.815
"253",2021-01-01,0.808
"254",2021-02-01,0.816
"255",2021-03-01,0.82
"256",2021-04-01,0.817
"257",2021-05-01,0.816
"258",2021-06-01,0.821
"259",2021-07-01,0.824
"260",2021-08-01,0.825
"261",2021-09-01,0.832
"262",2021-10-01,0.835
"263",2021-11-01,0.841
"264",2021-12-01,0.845
"265",2022-01-01,0.838
"266",2022-02-01,0.847
"267",2022-03-01,0.846
"268",2022-04-01,0.849
"269",2022-05-01,0.849
"270",2022-06-01,0.849
"271",2022-07-01,0.849
"272",2022-08-01,0.847
"273",2022-09-01,0.847
"274",2022-10-01,0.849
"275",2022-11-01,0.849
"276",2022-12-01,0.848
"277",2023-01-01,0.851
"278",2023-02-01,0.848
"279",2023-03-01,0.848
"280",2023-04-01,0.847
"281",2023-05-01,0.849
"282",2023-06-01,0.85
"283",2023-07-01,0.846
"284",2023-08-01,0.848
"285",2023-09-01,0.848
"286",2023-10-01,0.847
"287",2023-11-01,0.846
"288",2023-12-01,0.845
"289",2024-01-01,0.842
"290",2024-02-01,0.843
"291",2024-03-01,0.842
"292",2024-04-01,0.843
"293",2024-05-01,0.839
"294",2024-06-01,0.836
"295",2024-07-01,0.837
"296",2024-08-01,0.837
"297",2024-09-01,0.835
"298",2024-10-01,0.833
"299",2024-11-01,0.834
"300",2024-12-01,0.835
"301",2025-01-01,0.836
"302",2025-02-01,0.836
"303",2025-03-01,0.834
"304",2025-04-01,0.831
"305",2025-05-01,0.83
"306",2025-06-01,0.834
"307",2025-07-01,0.833
"308",2025-08-01,0.827
"309",2025-09-01,0.833
"310",2025-10-01,0.834
"311",2025-11-01,0.834
"312",2025-12-01,0.834
"313",2026-01-01,0.833
"314",2026-02-01,0.831
"315",2026-03-01,0.831
"316",2026-04-01,0.832
"317",2026-05-01,0.835
"318",2026-06-01,0.836
"319",2026-07-01,0.839
